{
  "3": 0.2555250386223825,
  "4": 0.2568823344323086,
  "5": 0.25498272229320385,
  "6": 0.2553162673233528,
  "batchId": "36-personas-2026-07-19T11:37:26.886Z"
}
